{
  "cpu_core_hours": 0.16700335967833332,
  "cpu_seconds": 601.2120948419999,
  "estimated_cost_cny": 0.3076726356297731,
  "failed_cases": 1,
  "gpu_hours": 0.0,
  "hourly_price_cny": 2.88,
  "max_rss_bytes": 2521878528,
  "schema_version": 1,
  "wall_seconds": 384.5907945372164,
  "worker_hours": 0.10683077626033789
}
