{
  "cpu_core_hours": 0.06146543233083333,
  "cpu_seconds": 221.275556391,
  "estimated_cost_cny": 0.07459560686796904,
  "failure_count": 0,
  "gpu_hours": 0.0,
  "hourly_price_cny": 2.88,
  "max_rss_bytes": 1442070528,
  "measured_solver_seconds": 79.28817829117179,
  "schema_version": 1,
  "wall_seconds": 93.2445085849613,
  "worker_hours": 0.02590125238471147
}
