{
  "cpu_core_hours": 0.21681658101361112,
  "cpu_seconds": 780.539691649,
  "estimated_cost_cny": 0.5758585061475634,
  "failed_cases": 0,
  "gpu_hours": 0.0,
  "hourly_price_cny": 2.88,
  "max_rss_bytes": 1965047808,
  "schema_version": 1,
  "wall_seconds": 719.8231326844543,
  "worker_hours": 0.1999508701901262
}
