{
  "cases": {
    "registered": {
      "absolute_scalar_batch_difference": {
        "DoH": 1.9463660208291628e-10,
        "He3oH": 4.108485196644481e-11,
        "Li7oH": 5.641262865428731e-15,
        "Neff": 0.0,
        "YPBBN": 3.72441173687732e-06
      },
      "atol": 1e-09,
      "batch_abundances": {
        "DoH": 2.4416339272135557e-05,
        "He3oH": 1.0366113812387248e-05,
        "Li7oH": 5.668402969380163e-10,
        "Neff": 3.0452829238759525,
        "YPBBN": 0.24675250423742862
      },
      "group": "tolerance",
      "maximum_repeat_drift": 0.0,
      "maximum_scalar_batch_difference_observation_sigma": 0.0028649321052902463,
      "maximum_within_batch_spread": 0.0,
      "normalized_scalar_batch_difference": {
        "DoH": 0.0006487886736097208,
        "YPBBN": 0.0028649321052902463
      },
      "rtol": 1e-06,
      "sampling_nTOp": 150,
      "scalar_abundances": {
        "DoH": 2.441653390873764e-05,
        "He3oH": 1.0366154897239214e-05,
        "Li7oH": 5.668459382008817e-10,
        "Neff": 3.0452829238759525,
        "YPBBN": 0.2467562286491655
      },
      "status": "ok",
      "timings_seconds": {
        "cold_batch_compile_and_solve": 55.953732362017035,
        "cold_scalar_compile_and_solve": 31.282476676627994,
        "warm_batch": {
          "maximum": 0.9414957780390978,
          "median": 0.8967832569032907,
          "minimum": 0.8830241393297911,
          "p95": 0.9370245259255171,
          "q1": 0.8899036981165409,
          "q3": 0.9191395174711943
        },
        "warm_scalar": {
          "maximum": 0.20621473528444767,
          "median": 0.20370381139218807,
          "minimum": 0.2031373828649521,
          "p95": 0.2059636428952217,
          "q1": 0.20342059712857008,
          "q3": 0.20495927333831787
        }
      }
    },
    "sampling_100": {
      "absolute_scalar_batch_difference": {
        "DoH": 3.901216323051e-11,
        "He3oH": 3.48914927459577e-10,
        "Li7oH": 1.4390732192667345e-14,
        "Neff": 0.0,
        "YPBBN": 1.6773080204757207e-06
      },
      "atol": 1e-09,
      "batch_abundances": {
        "DoH": 2.4423775271059095e-05,
        "He3oH": 1.0367281822847102e-05,
        "Li7oH": 5.670428143486652e-10,
        "Neff": 3.0452829238759525,
        "YPBBN": 0.24688936872220785
      },
      "group": "weak_rate_sampling",
      "maximum_repeat_drift": 0.0,
      "maximum_scalar_batch_difference_observation_sigma": 0.0012902369388274775,
      "maximum_within_batch_spread": 0.0,
      "normalized_scalar_batch_difference": {
        "DoH": 0.00013004054410169997,
        "YPBBN": 0.0012902369388274775
      },
      "rtol": 1e-06,
      "sampling_nTOp": 100,
      "scalar_abundances": {
        "DoH": 2.4423814283222325e-05,
        "He3oH": 1.0367630737774561e-05,
        "Li7oH": 5.670284236164726e-10,
        "Neff": 3.0452829238759525,
        "YPBBN": 0.24689104603022832
      },
      "status": "ok",
      "timings_seconds": {
        "cold_batch_compile_and_solve": 54.12351772002876,
        "cold_scalar_compile_and_solve": 30.4977399520576,
        "warm_batch": {
          "maximum": 0.870720349252224,
          "median": 0.8669878970831633,
          "minimum": 0.8376928009092808,
          "p95": 0.8703471040353179,
          "q1": 0.852340348996222,
          "q3": 0.8688541231676936
        },
        "warm_scalar": {
          "maximum": 0.1266266629099846,
          "median": 0.12168533727526665,
          "minimum": 0.12145993113517761,
          "p95": 0.1261325303465128,
          "q1": 0.12157263420522213,
          "q3": 0.12415600009262562
        }
      }
    },
    "sampling_200": {
      "absolute_scalar_batch_difference": {
        "DoH": 1.406595017124459e-10,
        "He3oH": 7.419479895069204e-11,
        "Li7oH": 5.548968533498119e-15,
        "Neff": 0.0,
        "YPBBN": 4.282027851520986e-06
      },
      "atol": 1e-09,
      "batch_abundances": {
        "DoH": 2.4414909861839988e-05,
        "He3oH": 1.0365763780415543e-05,
        "Li7oH": 5.667942698930785e-10,
        "Neff": 3.0452829238759525,
        "YPBBN": 0.24671302616570795
      },
      "group": "weak_rate_sampling",
      "maximum_repeat_drift": 0.0,
      "maximum_scalar_batch_difference_observation_sigma": 0.0032938675780930667,
      "maximum_within_batch_spread": 0.0,
      "normalized_scalar_batch_difference": {
        "DoH": 0.000468865005708153,
        "YPBBN": 0.0032938675780930667
      },
      "rtol": 1e-06,
      "sampling_nTOp": 200,
      "scalar_abundances": {
        "DoH": 2.4414769202338276e-05,
        "He3oH": 1.0365689585616592e-05,
        "Li7oH": 5.66788720924545e-10,
        "Neff": 3.0452829238759525,
        "YPBBN": 0.24670874413785643
      },
      "status": "ok",
      "timings_seconds": {
        "cold_batch_compile_and_solve": 54.89310355298221,
        "cold_scalar_compile_and_solve": 30.61418627202511,
        "warm_batch": {
          "maximum": 0.9796804673969746,
          "median": 0.9764122720807791,
          "minimum": 0.9688405636698008,
          "p95": 0.9793536478653551,
          "q1": 0.9726264178752899,
          "q3": 0.9780463697388768
        },
        "warm_scalar": {
          "maximum": 0.25061798095703125,
          "median": 0.24053390696644783,
          "minimum": 0.23424667865037918,
          "p95": 0.24960957355797292,
          "q1": 0.2373902928084135,
          "q3": 0.24557594396173954
        }
      }
    },
    "sampling_300": {
      "absolute_scalar_batch_difference": {
        "DoH": 1.3259455500529062e-10,
        "He3oH": 1.3620354858717872e-10,
        "Li7oH": 1.0206767911064544e-16,
        "Neff": 0.0,
        "YPBBN": 2.159195894441135e-06
      },
      "atol": 1e-09,
      "batch_abundances": {
        "DoH": 2.4411910364736998e-05,
        "He3oH": 1.036560073434441e-05,
        "Li7oH": 5.667233167495676e-10,
        "Neff": 3.0452829238759525,
        "YPBBN": 0.24667573668887768
      },
      "group": "weak_rate_sampling",
      "maximum_repeat_drift": 0.0,
      "maximum_scalar_batch_difference_observation_sigma": 0.0016609199188008731,
      "maximum_within_batch_spread": 0.0,
      "normalized_scalar_batch_difference": {
        "DoH": 0.00044198185001763536,
        "YPBBN": 0.0016609199188008731
      },
      "rtol": 1e-06,
      "sampling_nTOp": 300,
      "scalar_abundances": {
        "DoH": 2.4412042959292003e-05,
        "He3oH": 1.0365464530795823e-05,
        "Li7oH": 5.667234188172467e-10,
        "Neff": 3.0452829238759525,
        "YPBBN": 0.24667357749298324
      },
      "status": "ok",
      "timings_seconds": {
        "cold_batch_compile_and_solve": 54.298800095915794,
        "cold_scalar_compile_and_solve": 30.42248192243278,
        "warm_batch": {
          "maximum": 1.064526380971074,
          "median": 1.0613521486520767,
          "minimum": 1.0204069428145885,
          "p95": 1.0642089577391745,
          "q1": 1.0408795457333326,
          "q3": 1.0629392648115754
        },
        "warm_scalar": {
          "maximum": 0.3766066636890173,
          "median": 0.3643208686262369,
          "minimum": 0.3574155941605568,
          "p95": 0.37537808418273927,
          "q1": 0.36086823139339685,
          "q3": 0.3704637661576271
        }
      }
    },
    "tolerance_intermediate": {
      "absolute_scalar_batch_difference": {
        "DoH": 6.111074443181162e-10,
        "He3oH": 1.0085972902437008e-10,
        "Li7oH": 7.592661096692426e-15,
        "Neff": 0.0,
        "YPBBN": 6.821709270993237e-06
      },
      "atol": 3e-09,
      "batch_abundances": {
        "DoH": 2.441484263924712e-05,
        "He3oH": 1.0367105915361736e-05,
        "Li7oH": 5.667719989569319e-10,
        "Neff": 3.0452829238759525,
        "YPBBN": 0.24674821545649175
      },
      "group": "tolerance",
      "maximum_repeat_drift": 0.0,
      "maximum_scalar_batch_difference_observation_sigma": 0.005247468669994798,