{
  "cpu_core_hours": 0.27310893323694446,
  "cpu_seconds": 983.192159653,
  "estimated_cost_cny": 0.2850195309922099,
  "gpu_hours": 0.0,
  "hourly_price_cny": 2.88,
  "max_rss_bytes": 4231471104,
  "schema_version": 1,
  "wall_seconds": 356.2744137402624,
  "worker_hours": 0.09896511492785066
}
