{
  "cpu_core_hours": 0.00011200138888888888,
  "estimated_cost_cny": 0.03896006296724081,
  "failure_count": 0,
  "hostname": "autodl-container-9qk6ggtwem-6244361c",
  "hourly_price_cny": 2.88,
  "run_id": "497f490f-5c04-4cd6-8a97-df410bfd8de8",
  "schema_version": 1,
  "task_id": "EXEC-HEARTBEAT-OFFLINE-E2E-v1",
  "wall_seconds": 48.70007870905101,
  "worker_hours": 0.01352779964140306
}
