{
  "cpu_core_hours": 0.21949598977833334,
  "cpu_seconds": 790.185563202,
  "estimated_cost_cny": 0.23556674655377863,
  "failed_cases": 0,
  "gpu_hours": 0.0,
  "hourly_price_cny": 2.88,
  "max_rss_bytes": 1761742848,
  "schema_version": 1,
  "wall_seconds": 294.4584331922233,
  "worker_hours": 0.08179400922006203
}
