{
  "cases": {
    "registered": {
      "absolute_scalar_batch_difference": {
        "DoH": 8.059204979803461e-10,
        "He3oH": 3.7954516905490995e-10,
        "Li7oH": 1.4056944929191054e-13,
        "Neff": 0.0,
        "YPBBN": 1.5777656725834976e-06
      },
      "atol": 1e-09,
      "batch_abundances": {
        "DoH": 2.44234642221324e-05,
        "He3oH": 1.0366981854977285e-05,
        "Li7oH": 5.669502893814184e-10,
        "Neff": 3.0443606111766113,
        "YPBBN": 0.24689140328805828
      },
      "group": "tolerance",
      "max_steps": 4096,
      "maximum_repeat_drift": 0.0,
      "maximum_scalar_batch_difference_observation_sigma": 0.0026864016599344866,
      "maximum_within_batch_spread": 0.0,
      "normalized_scalar_batch_difference": {
        "DoH": 0.0026864016599344866,
        "YPBBN": 0.0012136659019873059
      },
      "rtol": 1e-06,
      "sampling_nTOp": 150,
      "scalar_abundances": {
        "DoH": 2.442265830163442e-05,
        "He3oH": 1.036660230980823e-05,
        "Li7oH": 5.670908588307103e-10,
        "Neff": 3.0443606111766113,
        "YPBBN": 0.2468898255223857
      },
      "status": "ok",
      "timings_seconds": {
        "cold_batch_compile_and_solve": 19.612213222309947,
        "cold_scalar_compile_and_solve": 12.622856533154845,
        "warm_batch": {
          "maximum": 0.8987730052322149,
          "median": 0.8876566998660564,
          "minimum": 0.880696315318346,
          "p95": 0.897661374695599,
          "q1": 0.8841765075922012,
          "q3": 0.8932148525491357
        },
        "warm_scalar": {
          "maximum": 0.3102076593786478,
          "median": 0.30916151590645313,
          "minimum": 0.3089297395199537,
          "p95": 0.3101030450314284,
          "q1": 0.30904562771320343,
          "q3": 0.30968458764255047
        }
      }
    },
    "sampling_100": {
      "absolute_scalar_batch_difference": {
        "DoH": 2.4023944326358128e-09,
        "He3oH": 3.1367696313731636e-10,
        "Li7oH": 1.8010772385389888e-13,
        "Neff": 0.0,
        "YPBBN": 2.189673000918546e-06
      },
      "atol": 1e-09,
      "batch_abundances": {
        "DoH": 2.4430223824930386e-05,
        "He3oH": 1.0367963466406829e-05,
        "Li7oH": 5.671498458783653e-10,
        "Neff": 3.0443606111766113,
        "YPBBN": 0.24701957459085871
      },
      "group": "weak_rate_sampling",
      "max_steps": 4096,
      "maximum_repeat_drift": 0.0,
      "maximum_scalar_batch_difference_observation_sigma": 0.008007981442119375,
      "maximum_within_batch_spread": 0.0,
      "normalized_scalar_batch_difference": {
        "DoH": 0.008007981442119375,
        "YPBBN": 0.0016843638468604203
      },
      "rtol": 1e-06,
      "sampling_nTOp": 100,
      "scalar_abundances": {
        "DoH": 2.442782143049775e-05,
        "He3oH": 1.0367649789443692e-05,
        "Li7oH": 5.673299536022192e-10,
        "Neff": 3.0443606111766113,
        "YPBBN": 0.24702176426385963
      },
      "status": "ok",
      "timings_seconds": {
        "cold_batch_compile_and_solve": 19.337933940812945,
        "cold_scalar_compile_and_solve": 11.850834196433425,
        "warm_batch": {
          "maximum": 0.9023485071957111,
          "median": 0.8998607881367207,
          "minimum": 0.8928017057478428,
          "p95": 0.9020997352898121,
          "q1": 0.8963312469422817,
          "q3": 0.9011046476662159
        },
        "warm_scalar": {
          "maximum": 0.30260507203638554,
          "median": 0.2963807210326195,
          "minimum": 0.2932120468467474,
          "p95": 0.3019826369360089,
          "q1": 0.29479638393968344,
          "q3": 0.2994928965345025
        }
      }
    },
    "sampling_200": {
      "absolute_scalar_batch_difference": {
        "DoH": 1.4135584668048865e-09,
        "He3oH": 3.702559141952695e-11,
        "Li7oH": 8.359376437244065e-14,
        "Neff": 0.0,
        "YPBBN": 2.445539006468156e-06
      },
      "atol": 1e-09,
      "batch_abundances": {
        "DoH": 2.442087119740353e-05,
        "He3oH": 1.0366451009547028e-05,
        "Li7oH": 5.669198519399705e-10,
        "Neff": 3.0443606111766113,
        "YPBBN": 0.24684427264790798
      },
      "group": "weak_rate_sampling",
      "max_steps": 4096,
      "maximum_repeat_drift": 0.0,
      "maximum_scalar_batch_difference_observation_sigma": 0.004711861556016288,
      "maximum_within_batch_spread": 0.0,
      "normalized_scalar_batch_difference": {
        "DoH": 0.004711861556016288,
        "YPBBN": 0.0018811838511293508
      },
      "rtol": 1e-06,
      "sampling_nTOp": 200,
      "scalar_abundances": {
        "DoH": 2.4419457638936727e-05,
        "He3oH": 1.0366488035138447e-05,
        "Li7oH": 5.670034457043429e-10,
        "Neff": 3.0443606111766113,
        "YPBBN": 0.2468418271089015
      },
      "status": "ok",
      "timings_seconds": {
        "cold_batch_compile_and_solve": 20.44072344340384,
        "cold_scalar_compile_and_solve": 12.201349664479494,
        "warm_batch": {
          "maximum": 0.9491259697824717,
          "median": 0.9238080214709044,
          "minimum": 0.9209732133895159,
          "p95": 0.9465941749513149,
          "q1": 0.9223906174302101,
          "q3": 0.936466995626688
        },
        "warm_scalar": {
          "maximum": 0.32296465896070004,
          "median": 0.3139370270073414,
          "minimum": 0.30723558738827705,
          "p95": 0.32206189576536415,
          "q1": 0.3105863071978092,
          "q3": 0.3184508429840207
        }
      }
    },
    "sampling_300": {
      "absolute_scalar_batch_difference": {
        "DoH": 1.3923079176871868e-10,
        "He3oH": 1.6935408342514194e-10,
        "Li7oH": 5.444064425855743e-14,
        "Neff": 0.0,
        "YPBBN": 1.9496882046332598e-06
      },
      "atol": 1e-09,
      "batch_abundances": {
        "DoH": 2.4416948449245744e-05,
        "He3oH": 1.0366077394174948e-05,
        "Li7oH": 5.669739912022306e-10,
        "Neff": 3.0443606111766113,
        "YPBBN": 0.24680858035915346
      },
      "group": "weak_rate_sampling",
      "max_steps": 4096,
      "maximum_repeat_drift": 0.0,
      "maximum_scalar_batch_difference_observation_sigma": 0.0014997601574101998,
      "maximum_within_batch_spread": 0.0,
      "normalized_scalar_batch_difference": {
        "DoH": 0.00046410263922906224,
        "YPBBN": 0.0014997601574101998
      },
      "rtol": 1e-06,
      "sampling_nTOp": 300,
      "scalar_abundances": {
        "DoH": 2.4416809218453976e-05,
        "He3oH": 1.0366246748258374e-05,
        "Li7oH": 5.66919550557972e-10,
        "Neff": 3.0443606111766113,
        "YPBBN": 0.2468105300473581
      },
      "status": "ok",
      "timings_seconds": {
        "cold_batch_compile_and_solve": 19.35739901661873,
        "cold_scalar_compile_and_solve": 12.011425567790866,
        "warm_batch": {
          "maximum": 0.9621449913829565,
          "median": 0.9612339287996292,
          "minimum": 0.947766613215208,
          "p95": 0.9620538851246238,
          "q1": 0.9545002710074186,
          "q3": 0.9616894600912929
        },
        "warm_scalar": {
          "maximum": 0.36808294244110584,
          "median": 0.3587302155792713,
          "minimum": 0.34401213377714157,
          "p95": 0.36714766975492236,
          "q1": 0.35137117467820644,
          "q3": 0.3634065790101886
        }
      }
    },
    "tolerance_intermediate": {
      "absolute_scalar_batch_difference": {
        "DoH": 6.314949445524257e-10,
        "He3oH": 5.089117574804579e-10,
        "Li7oH": 4.614937430510387e-14,
        "Neff": 0.0,
        "YPBBN": 2.057628868734618e-06
      },
      "atol": 3e-09,
      "batch_abundances": {
        "DoH": 2.4410168099637612e-05,
        "He3oH": 1.0366659990935984e-05,
        "Li7oH": 5.673643184947274e-10,
        "Neff": 3.0443606111766113,
        "YPBBN": 0.24689281230625743
      },
      "group": "tolerance",
      "max_steps": 4096,