{
  "cpu_core_hours": 0.15997779954333333,
  "cpu_seconds": 575.920078356,
  "estimated_cost_cny": 0.18640215765684842,
  "gpu_hours": 0.0,
  "hourly_price_cny": 2.88,
  "max_rss_bytes": 3305746432,
  "schema_version": 1,
  "wall_seconds": 233.00269707106054,
  "worker_hours": 0.06472297140862793
}
