# correlation; N=1000; seed=2026072301; Pearson correlation derived from sample covariance (ddof=1)
quantity	YPBBN	DoH	He3oH	Li7oH
YPBBN	1.00000000000000000e+00	-1.36624288880732969e-01	-8.05601803983532240e-03	6.52149338736331130e-02
DoH	-1.36624288880732969e-01	1.00000000000000000e+00	-4.55687818984352566e-01	-4.61373742986981472e-01
He3oH	-8.05601803983532240e-03	-4.55687818984352622e-01	1.00000000000000000e+00	5.00507696098257293e-01
Li7oH	6.52149338736331130e-02	-4.61373742986981417e-01	5.00507696098257404e-01	1.00000000000000000e+00
