# covariance; N=1000; seed=2026072301; sample covariance (ddof=1)
quantity	YPBBN	DoH	He3oH	Li7oH
YPBBN	1.19832907364678063e-08	-3.89824766116190868e-12	-1.20417909643594224e-13	1.31660359547821047e-16
DoH	-3.89824766116190868e-12	6.79370881722523786e-14	-1.62182312938100789e-14	-2.21781986824285513e-18
He3oH	-1.20417909643594224e-13	-1.62182312938100789e-14	1.86451212325400636e-14	1.26041422509848254e-18
Li7oH	1.31660359547821047e-16	-2.21781986824285513e-18	1.26041422509848254e-18	3.40126022826296768e-22
