{
  "cpu_core_hours": 0.05247380186194445,
  "cpu_seconds": 188.90568670300001,
  "estimated_cost_cny": 0.11614936822354793,
  "failure_count": 0,
  "gpu_hours": 0.0,
  "hourly_price_cny": 2.88,
  "max_rss_bytes": 1703165952,
  "measured_solver_seconds": 120.12723012454808,
  "schema_version": 1,
  "wall_seconds": 145.18671027943492,
  "worker_hours": 0.04032964174428748
}
