{
  "cpu_core_hours": 0.2641883301688889,
  "cpu_seconds": 951.0779886079999,
  "estimated_cost_cny": 0.5347299850687385,
  "failed_cases": 0,
  "gpu_hours": 0.0,
  "hourly_price_cny": 2.88,
  "max_rss_bytes": 2713718784,
  "schema_version": 1,
  "wall_seconds": 668.4124813359231,
  "worker_hours": 0.1856701337044231
}
