{
  "acceptance_failures": 45,
  "cpu_core_hours": 0.5772214066447222,
  "cpu_seconds": 2077.997063921,
  "estimated_cost_cny": 1.0933438710361718,
  "gpu_hours": 0.0,
  "hourly_price_cny": 2.88,
  "max_rss_bytes": 8651386880,
  "schema_version": 1,
  "wall_seconds": 1366.679838795215,
  "worker_hours": 0.37963328855422634
}
