{
  "cpu_core_hours": 0.03771815330916667,
  "cpu_seconds": 135.785351913,
  "estimated_cost_cny": 0.10177500712275504,
  "failure_count": 0,
  "gpu_hours": 0.0,
  "hourly_price_cny": 2.88,
  "max_rss_bytes": 157069312,
  "measured_solver_seconds": 125.97016656771302,
  "schema_version": 1,
  "wall_seconds": 127.21875890344381,
  "worker_hours": 0.0353385441398455
}
