{
  "cpu_core_hours": 0.2735993134172222,
  "cpu_seconds": 984.957528302,
  "estimated_cost_cny": 0.25799504698067904,
  "failed_cases": 0,
  "gpu_hours": 0.0,
  "hourly_price_cny": 2.88,
  "max_rss_bytes": 2435899392,
  "schema_version": 1,
  "wall_seconds": 322.4938087258488,
  "worker_hours": 0.089581613534958
}
