{
  "cases": {
    "production_candidate": {
      "absolute_scalar_batch_difference": {
        "DoH": 1.6885246130991793e-11,
        "He3oH": 7.29379352935552e-12,
        "Li7oH": 1.2991428414322822e-15,
        "Neff": 0.0,
        "YPBBN": 3.1970441016770934e-09
      },
      "atol": 1e-11,
      "batch_abundances": {
        "DoH": 2.4419394666895215e-05,
        "He3oH": 1.0365745058584776e-05,
        "Li7oH": 5.669163361625098e-10,
        "Neff": 3.0443606111766113,
        "YPBBN": 0.24678765048692688
      },
      "group": "joint_candidate",
      "max_steps": 16384,
      "maximum_repeat_drift": 0.0,
      "maximum_scalar_batch_difference_observation_sigma": 5.628415376997264e-05,
      "maximum_within_batch_spread": 0.0,
      "normalized_scalar_batch_difference": {
        "DoH": 5.628415376997264e-05,
        "YPBBN": 2.4592646935977643e-06
      },
      "rtol": 1e-08,
      "sampling_nTOp": 2400,
      "scalar_abundances": {
        "DoH": 2.4419411552141346e-05,
        "He3oH": 1.0365752352378305e-05,
        "Li7oH": 5.669150370196683e-10,
        "Neff": 3.0443606111766113,
        "YPBBN": 0.246787653683971
      },
      "status": "ok",
      "timings_seconds": {
        "cold_batch_compile_and_solve": 23.362304363399744,
        "cold_scalar_compile_and_solve": 13.656085884198546,
        "warm_batch": {
          "maximum": 5.131826587021351,
          "median": 5.096960352733731,
          "minimum": 5.044815154746175,
          "p95": 5.128339963592588,
          "q1": 5.070887753739953,
          "q3": 5.114393469877541
        },
        "warm_scalar": {
          "maximum": 1.750411607325077,
          "median": 1.7148828841745853,
          "minimum": 1.676472807303071,
          "p95": 1.7468587350100278,
          "q1": 1.6956778457388282,
          "q3": 1.7326472457498312
        }
      }
    },
    "sampling_1200_tolerance_1e-8": {
      "absolute_scalar_batch_difference": {
        "DoH": 4.2537182435263554e-11,
        "He3oH": 5.156337767585361e-12,
        "Li7oH": 1.1768853016378931e-15,
        "Neff": 0.0,
        "YPBBN": 9.71349276013278e-09
      },
      "atol": 1e-11,
      "batch_abundances": {
        "DoH": 2.4419442995136777e-05,
        "He3oH": 1.0365765979543187e-05,
        "Li7oH": 5.669157330629242e-10,
        "Neff": 3.0443606111766113,
        "YPBBN": 0.24678865294730612
      },
      "group": "weak_rate_sampling",
      "max_steps": 16384,
      "maximum_repeat_drift": 0.0,
      "maximum_scalar_batch_difference_observation_sigma": 0.00014179060811754515,
      "maximum_within_batch_spread": 0.0,
      "normalized_scalar_batch_difference": {
        "DoH": 0.00014179060811754515,
        "YPBBN": 7.471917507794447e-06
      },
      "rtol": 1e-08,
      "sampling_nTOp": 1200,
      "scalar_abundances": {
        "DoH": 2.441940045795434e-05,
        "He3oH": 1.0365771135880955e-05,
        "Li7oH": 5.669169099482259e-10,
        "Neff": 3.0443606111766113,
        "YPBBN": 0.24678864323381336
      },
      "status": "ok",
      "timings_seconds": {
        "cold_batch_compile_and_solve": 24.090268433094025,
        "cold_scalar_compile_and_solve": 13.759537778794765,
        "warm_batch": {
          "maximum": 5.1621613167226315,
          "median": 5.107729570940137,
          "minimum": 4.987184479832649,
          "p95": 5.156718142144382,
          "q1": 5.047457025386393,
          "q3": 5.134945443831384
        },
        "warm_scalar": {
          "maximum": 1.4864176362752914,
          "median": 1.47005258128047,
          "minimum": 1.3837690185755491,
          "p95": 1.4847811307758094,
          "q1": 1.4269107999280095,
          "q3": 1.4782351087778807
        }
      }
    },
    "sampling_300_tolerance_1e-8": {
      "absolute_scalar_batch_difference": {
        "DoH": 1.9049484896677214e-11,
        "He3oH": 1.4079595641970709e-11,
        "Li7oH": 2.300827166973464e-15,
        "Neff": 0.0,
        "YPBBN": 1.2270943325343175e-07
      },
      "atol": 1e-11,
      "batch_abundances": {
        "DoH": 2.4420756199815907e-05,
        "He3oH": 1.0365973629524095e-05,
        "Li7oH": 5.669523955704035e-10,
        "Neff": 3.0443606111766113,
        "YPBBN": 0.24681317085749152
      },
      "group": "weak_rate_sampling",
      "max_steps": 16384,
      "maximum_repeat_drift": 0.0,
      "maximum_scalar_batch_difference_observation_sigma": 9.439187173340905e-05,
      "maximum_within_batch_spread": 0.0,
      "normalized_scalar_batch_difference": {
        "DoH": 6.349828298892404e-05,
        "YPBBN": 9.439187173340905e-05
      },
      "rtol": 1e-08,
      "sampling_nTOp": 300,
      "scalar_abundances": {
        "DoH": 2.4420775249300804e-05,
        "He3oH": 1.0365987709119737e-05,
        "Li7oH": 5.669500947432365e-10,
        "Neff": 3.0443606111766113,
        "YPBBN": 0.24681329356692477
      },
      "status": "ok",
      "timings_seconds": {
        "cold_batch_compile_and_solve": 23.09103042818606,
        "cold_scalar_compile_and_solve": 13.240240428596735,
        "warm_batch": {
          "maximum": 4.364535650238395,
          "median": 4.293062636628747,
          "minimum": 4.281669178977609,
          "p95": 4.35738834887743,
          "q1": 4.287365907803178,
          "q3": 4.328799143433571
        },
        "warm_scalar": {
          "maximum": 1.1684854719787836,
          "median": 1.128092885017395,
          "minimum": 1.1249065194278955,
          "p95": 1.1644462132826447,
          "q1": 1.1264997022226453,
          "q3": 1.1482891784980893
        }
      }
    },
    "sampling_600_tolerance_1e-8": {
      "absolute_scalar_batch_difference": {
        "DoH": 5.87708384664268e-11,
        "He3oH": 7.703048895496773e-12,
        "Li7oH": 5.3404307332174e-16,
        "Neff": 0.0,
        "YPBBN": 1.6221957388484753e-09
      },
      "atol": 1e-11,
      "batch_abundances": {
        "DoH": 2.441971506802491e-05,
        "He3oH": 1.0365801068567272e-05,
        "Li7oH": 5.669233311219571e-10,
        "Neff": 3.0443606111766113,
        "YPBBN": 0.24679356417631676
      },
      "group": "weak_rate_sampling",
      "max_steps": 16384,
      "maximum_repeat_drift": 0.0,
      "maximum_scalar_batch_difference_observation_sigma": 0.00019590279488808932,
      "maximum_within_batch_spread": 0.0,
      "normalized_scalar_batch_difference": {
        "DoH": 0.00019590279488808932,
        "YPBBN": 1.2478428760372888e-06
      },
      "rtol": 1e-08,
      "sampling_nTOp": 600,
      "scalar_abundances": {
        "DoH": 2.4419656297186445e-05,
        "He3oH": 1.0365808771616168e-05,
        "Li7oH": 5.669227970788837e-10,
        "Neff": 3.0443606111766113,
        "YPBBN": 0.24679356255412102
      },
      "status": "ok",
      "timings_seconds": {
        "cold_batch_compile_and_solve": 24.03951176069677,
        "cold_scalar_compile_and_solve": 12.824121374636889,
        "warm_batch": {
          "maximum": 4.623679248616099,
          "median": 4.600109642371535,
          "minimum": 4.528216395527124,
          "p95": 4.621322287991643,
          "q1": 4.56416301894933,
          "q3": 4.611894445493817
        },
        "warm_scalar": {
          "maximum": 1.3025208450853825,
          "median": 1.2660755701363087,
          "minimum": 1.2271873038262129,
          "p95": 1.298876317590475,
          "q1": 1.2466314369812608,
          "q3": 1.2842982076108456
        }
      }
    },
    "tolerance_1e-7_sampling_2400": {
      "absolute_scalar_batch_difference": {
        "DoH": 3.5674915111125736e-10,
        "He3oH": 2.630586708986455e-11,
        "Li7oH": 5.91280033379436e-15,
        "Neff": 0.0,
        "YPBBN": 4.260691438551234e-08
      },
      "atol": 1e-10,
      "batch_abundances": {
        "DoH": 2.441876920792493e-05,
        "He3oH": 1.0365843656888932e-05,
        "Li7oH": 5.668982441091581e-10,
        "Neff": 3.0443606111766113,
        "YPBBN": 0.24678668508979215
      },
      "group": "tolerance",