{
  "cpu_core_hours": 3.1735253363755556,
  "cpu_seconds": 11424.691210952,
  "estimated_cost_cny": 9.157670549830794,
  "failure_count": 0,
  "gpu_hours": 0.0,
  "hourly_price_cny": 2.88,
  "max_rss_bytes": 215351296,
  "measured_solver_seconds": 11445.952821774408,
  "schema_version": 1,
  "wall_seconds": 11447.088187288493,
  "worker_hours": 3.179746718691248
}
