{
  "cpu_core_hours": 0.10229955717916667,
  "cpu_seconds": 368.278405845,
  "estimated_cost_cny": 0.20829909255504608,
  "failed_cases": 5,
  "gpu_hours": 0.0,
  "hourly_price_cny": 2.88,
  "max_rss_bytes": 2657038336,
  "schema_version": 1,
  "wall_seconds": 260.3738656938076,
  "worker_hours": 0.07232607380383545
}
